{
    "data_params":{
        "fold_means": [2.71719, 0.20356, 25.71952, 58.36707, 29.05792, 0.92905, 0.05837, 0.47182, 6.91545, 0.58886, 1.63352, 0.20042, 0.24301, 0.1006, 0.71585, 0.27366, 0.24291, 0.56772, 0.09919, 0.21444, 0.26682, 0.34351, 1.34433, 1.56941, 0.09731, 5.55727, 0.45574, 0.24739, 0.93719, 0.13987, 0.48314, 0.43158, 1.38865, 0.29049, 0.24953, 0.27516, 0.07445, 0.51762, 0.2364, 0.87733, 7.83518, 1.38016, 14.57883, 26.38578, 1.90641, 0.48375, 0.18707, 0.1849, 0.28995, 5564.98681],
        "fold_stds": [3.01719, 0.18076, 2.06088, 3.15467, 2.20805, 3.91716, 0.13783, 6.40787, 7.06318, 1.03938, 2.91543, 0.2773, 0.6736, 0.26601, 1.87577, 0.57092, 0.30837, 0.91826, 0.23654, 0.34211, 2.85117, 2.15785, 2.64058, 15.04871, 0.15526, 5.8844, 1.6404, 0.84476, 1.96785, 0.56097, 1.06745, 0.70407, 1.36454, 1.02084, 0.30495, 0.61136, 0.14675, 0.82168, 0.5818, 2.16506, 245.17014, 8.31453, 21.05982, 38.301, 0.57169, 0.28766, 0.28003, 0.26537, 0.39864, 54.40123],
        "in_h": 176,
        "in_w": 176,
        "num_workers": 0
    },
    "training_params":{
        "batch_size": 8,
        "total_epochs": 100,
        "learning_rate": 0.0001,
        "beta1": 0.9,
        "beta2": 0.999,
        "l2_reg_alpha": 0.0001,
        "lambda_aux": 4.0
    },
    "model_params":{
        "initial_depth": 256
    },
    "save_freqs":{
        "model_freq": 1
    },
    "data_source": {
        "img_data_dir": "/path/to/resized/data_idr0076/20191219-ftp/METABRIC_IMC/to_public_repository/full_stacks",
        "fold_splits": "/path/to/fold_splits",
        "labels_file": "/path/to/labels.csv"
    },
    "experiment_dirs": {
        "load_dir": "last",
        "model_dir" : "models",
        "test_output_dir" : "test_output"
    }
}
